{
  "lexical_metrics": {
    "BLEU-1": 0.19703389830508475,
    "BLEU-2": 0.0884429827561634,
    "BLEU-3": 0.04381752836077069,
    "BLEU-4": 0.02242354190122284,
    "CIDEr": 0.03061859438268565,
    "ROUGE-1": 0.2015407013240786,
    "ROUGE-2": 0.03615662725654218,
    "ROUGE-L": 0.1933784947323304
  },
  "classification_metrics": {
    "ce_precision_macro": 0.07142857142857142,
    "ce_recall_macro": 0.07142857142857142,
    "ce_f1_macro": 0.07142857142857142,
    "ce_precision_micro": 0.3333333333333333,
    "ce_recall_micro": 0.20000000000000004,
    "ce_f1_micro": 0.25,
    "ce_precision_example": 0.25,
    "ce_recall_example": 0.125,
    "ce_f1_example": 0.16666666666666666,
    "ce_num_examples": 4.0
  },
  "semantic_metrics": {
    "cxr_bert_metric": 0.40567636624392533
  }
}